Stream,dist.d,sc.uScm,Season,Impact,totind,Hshannon,Site,Hsimpson,rich,J,rich.E,rich.P,rich.T,rich.C,rich.D,rich.less.E,rich.EPT,rich.T.less.H,pT.less.H,rich.EPT.less.H,pEPT.less.H,pEPT,pEPT.less.Cheum,pEPT.less.HBL,rich.PT,pE,rich.E.less.B,pE.less.B,pP,pP.less.Leuc,pP.less.Amph,pP.less.Allo,pP.less.LAA,pT,pPT.H,pChi,pD,pOligo,pChiO,p1dom,p2dom,p5dom,rich.SH,rich.CG,rich.SC,rich.SC.less.E,rich.CF,rich.PR,pSH,pCG,pSC,pSC.less.E,pCF,pPR,rich.Cling,pCling,rich.Burrow,pBurrow,rich.Climb,pClimb,rich.Sprawl,pSprawl,rich.Swimm,pSwimm,rich.INT,rich.TOL,pTOL,vsci
CRO (R),2050,79,Fall,Reference,204,2.663495765,CRO1,0.896722414,29,0.790989536,4,5,8,5,5,25,17,5,3.431372549,14,39.70588235,62.25490196,60.78431373,39.21568627,13,17.6,4,17.6,18.6,18.1,18.6,18.6,18.1,26,22.1,7.8,16.7,1.5,9.31372549,19.6,33.8,66.2,3,4,7,4,5,10,15.2,25,19.1,14.7,24,16.7,19,50.5,6,19.6,0,0,2,15.2,2,14.7,13,0,0,70.37
CRO (R),1900,76,Fall,Reference,207,2.913376642,CRO2,0.922401923,32,0.840622807,6,5,7,6,6,26,18,4,3.8647343,15,36.71497585,53.62318841,51.20772947,35.74879227,12,17.4,5,16.4,15.5,15.5,15.5,15.5,15.5,20.8,19.3,15.9,26.6,0,15.94202899,15.9,30,52.7,5,4,8,5,5,10,15,27.1,22.2,15.9,19.3,16.4,20,49.3,7,28.5,0,0,2,8.2,3,14,16,0,0,71.33
CRO (R),1530,77,Fall,Reference,206,3.092664537,CRO3,0.934348195,37,0.856476002,6,7,9,5,8,31,22,5,5.339805825,18,35.9223301,48.05825243,44.66019417,35.4368932,16,15.5,5,15,15,15,15,14.6,14.6,17.5,20.4,17,27.2,1.9,18.93203883,17,25.7,45.6,7,6,8,5,6,10,16.5,27.7,28.6,20.4,13.6,13.6,21,47.6,8,29.6,0,0,4,10.2,4,12.6,19,0,0,69.55
CRO (R),1160,82,Fall,Reference,202,3.021198109,CRO4,0.932653661,34,0.856746804,6,7,8,5,6,28,21,5,6.435643564,18,44.55445545,53.96039604,52.47524752,42.57425743,15,20.8,5,19.8,17.3,16.3,17.3,16.3,15.3,15.8,23.8,11.9,32.2,0.5,12.37623762,11.9,23.8,51,7,7,6,3,5,8,30.2,24.8,23.8,9.4,12.9,7.4,21,38.6,7,29.2,0,0,1,11.9,4,19.3,16,0,0,72.63
CRO (R),775,90,Fall,Reference,190,2.723626569,CRO5,0.886426593,32,0.785872509,6,6,5,5,8,26,17,3,4.210526316,15,55.26315789,60,59.47368421,47.36842105,11,32.1,5,31.1,18.9,12.1,18.9,16.8,10,8.9,23.2,15.8,23.7,2.6,18.42105263,25.8,41.6,62.1,7,6,6,3,3,10,23.7,23.2,37.9,10,6.3,8.9,17,35.3,8,26.3,0,0,3,8.9,4,29.5,12,1,0.52632,71.55
CRO (R),340,85,Fall,Reference,208,2.891977398,CRO6,0.912305843,34,0.820102589,5,6,5,4,9,29,16,4,4.807692308,15,56.25,56.73076923,56.73076923,36.05769231,11,17.3,5,17.3,34.1,13.9,34.1,30.3,10.1,5.3,38.9,11.5,22.1,1,12.5,20.2,31.7,57.7,7,5,9,6,1,11,35.1,16.3,31.7,15.9,0.5,15.9,16,54.3,11,24.5,0,0,4,8.7,2,12,18,1,1.44231,81.65
CRO (R),0,51,Fall,Reference,174,2.897292817,CRO7,0.91709605,32,0.835981996,7,9,3,3,6,25,19,2,2.873563218,18,52.29885057,55.17241379,55.17241379,44.82758621,12,30.5,6,29.9,19,12.1,19,17.8,10.9,5.7,21.8,14.9,20.1,1.7,16.66666667,14.9,29.9,56.9,6,6,6,2,2,12,16.1,23.6,43.1,17.8,3.4,13.8,17,59.2,8,24.7,0,0,4,6.3,3,9.8,15,1,0.57471,79.22
EAS (R),2115,24,Fall,Reference,196,2.845142055,EAS1,0.914566847,31,0.828524361,8,8,7,2,5,23,23,4,8.163265306,20,53.57142857,82.65306122,77.04081633,48.97959184,15,33.7,6,30.6,11.7,10.2,11.7,11.7,10.2,37.2,19.9,8.2,10.7,0,8.163265306,20.4,31.6,52.6,4,7,5,2,6,9,8.2,24.5,23.5,5.6,31.1,12.8,20,62.8,4,10.2,0,0,3,6.1,4,20.9,17,0,0,73.37
EAS (R),1755,25,Fall,Reference,206,2.676408201,EAS2,0.890658875,29,0.794824196,7,6,6,3,5,22,19,3,11.16504854,16,40.29126214,70.38834951,70.38834951,38.34951456,12,20.4,6,18.9,8.7,8.3,8.7,8.7,8.3,41.3,19.9,10.7,13.6,0.5,11.16504854,25.2,35.9,62.6,3,7,6,3,5,8,3.9,18.9,28.2,15,31.6,17.5,17,69.4,7,14.6,0,0,2,3.4,3,12.6,18,1,0.48544,72.02
EAS (R),1505,21,Fall,Reference,186,2.65981317,EAS3,0.892473118,24,0.83693144,8,5,5,2,3,16,18,2,6.989247312,15,45.16129032,77.41935484,74.7311828,39.24731183,10,24.2,6,21,14,11.3,14,14,11.3,39.2,21,15.1,16.1,0,15.05376344,24.7,39.8,56.5,3,5,6,2,4,6,7.5,28,17.2,5.9,33.9,13.4,16,65.1,3,16.1,0,0,1,4.3,4,14.5,13,0,0,67.68
EAS (R),1180,20,Fall,Reference,206,2.657491632,EAS4,0.888538034,26,0.815657732,7,6,6,2,5,19,19,3,8.252427184,16,37.37864078,66.50485437,63.10679612,32.52427184,12,20.4,5,17.5,8.7,6.8,8.7,8.7,6.8,37.4,17,21.4,24.3,0,21.3592233,21.4,42.7,58.3,2,5,5,2,5,7,3.4,33.5,17.5,9.2,32,12.6,16,62.1,3,22.8,0,0,2,2.4,4,12.1,14,0,0,63.86
EAS (R),855,19,Fall,Reference,182,2.650926189,EAS5,0.880207704,27,0.804325668,6,7,7,3,2,21,20,4,10.43956044,17,46.15384615,81.31868132,79.67032967,43.95604396,14,29.7,5,28,6,5.5,6,6,5.5,45.6,16.5,6.6,7.1,0,6.593406593,29.1,39.6,57.7,4,4,6,3,6,7,3.3,24.2,22.5,10.4,39.6,10.4,20,78,2,7.1,0,0,2,2.2,3,12.6,16,0,0,72.04
EAS (R),615,18,Fall,Reference,185,2.752280957,EAS6,0.900043828,26,0.844751199,8,6,7,2,2,18,21,3,10.81081081,17,56.75675676,88.10810811,88.10810811,52.43243243,13,31.9,6,29.2,14.1,12.4,14.1,14.1,12.4,42.2,24.9,3.8,4.3,0.5,4.324324324,23.2,38.4,56.2,4,6,7,3,5,4,10.3,24.3,20,8.1,33,12.4,18,87,3,4.9,0,0,1,2.2,4,5.9,17,0,0,73.72
EAS (R),330,16,Fall,Reference,178,2.770049505,EAS7,0.895783361,28,0.831296367,7,4,8,3,5,21,19,4,10.11235955,15,43.25842697,76.96629213,74.15730337,41.01123596,12,24.2,6,21.9,9,9,9,9,9,43.8,19.1,7.3,9.6,0,7.303370787,26.4,36.5,55.1,3,3,9,4,6,7,4.5,19.7,25.3,13.5,36.5,14,20,83.7,4,9.6,0,0,2,1.1,2,5.6,15,0,0,72.76
EAS (R),0,15,Fall,Reference,196,2.859639193,EAS8,0.913681799,27,0.867651923,6,7,6,3,3,21,19,3,7.142857143,16,42.34693878,72.95918367,65.81632653,39.28571429,13,20.4,5,19.4,14.8,12.8,14.8,14.8,12.8,37.8,21.9,10.7,13.3,1,11.73469388,21.9,32.7,52,5,5,8,4,4,5,8.7,21.4,24.5,12.2,31.6,13.8,18,80.1,4,14.3,0,0,2,1.5,3,4.1,16,0,0,73.94
FRY (L),2095,468,Fall,Low-level,226,2.5073169,FRY1,0.870937427,24,0.788947272,2,4,6,5,4,22,12,3,4.424778761,9,13.27433628,60.17699115,46.01769912,12.83185841,10,3.5,1,3.1,5.3,5.3,5.3,5.3,5.3,51.3,9.7,1.8,12.8,0.4,2.212389381,28.3,42.5,67.3,3,3,7,6,4,7,11.5,2.7,29.2,26.1,50,6.6,16,82.3,5,14.6,0,0,2,2.7,1,0.4,10,0,0,58.6
FRY (L),1775,480,Fall,Low-level,198,2.417359122,FRY2,0.806346291,28,0.725453409,3,5,8,4,5,25,16,4,7.575757576,12,18.18181818,69.19191919,61.61616162,17.17171717,13,5.6,2,5.1,5.1,4.5,5.1,5.1,4.5,58.6,12.6,2,9.6,2,4.04040404,41.4,49,64.6,4,4,7,5,6,7,8.1,5.1,23.2,18.2,53.5,10.1,18,82.8,5,12.6,0,0,3,3.5,2,1,13,0,0,59.61
FRY (L),1480,473,Fall,Low-level,189,2.250707901,FRY3,0.817110383,21,0.739264678,1,4,7,3,4,20,12,3,4.232804233,8,15.34391534,74.07407407,55.02645503,15.34391534,11,3.7,1,3.7,7.4,7.4,7.4,7.4,7.4,63,11.6,1.6,11.1,0,1.587301587,36,55,72,3,2,4,3,5,7,12.2,2.1,14.8,11.1,59.8,11.1,14,82,3,13.2,0,0,3,4.2,1,0.5,12,0,0,58.51
FRY (L),1155,490,Fall,Low-level,193,2.429544619,FRY4,0.822733496,28,0.729110297,3,8,6,5,5,25,17,3,7.772020725,14,23.31606218,75.12953368,63.73056995,22.27979275,14,5.2,2,4.7,10.4,9.8,10.4,9.8,9.3,59.6,18.1,0.5,8.8,0,0.518134715,38.3,49.7,67.4,6,3,7,5,5,7,13,2.6,18.1,13.5,53.4,13,20,86.5,4,9.3,0,0,3,3.6,1,0.5,15,0,0,61.46
FRY (L),790,509,Fall,Low-level,220,2.256908096,FRY5,0.797933884,29,0.670243486,4,7,9,3,4,25,20,5,18.18181818,16,31.81818182,88.18181818,73.63636364,31.36363636,16,2.3,4,2.3,11.4,10.9,11.4,10.5,10,74.5,29.5,1.8,4.1,0,1.818181818,39.5,54.1,75.9,6,1,8,4,7,7,10.5,1.8,9.5,7.3,59.1,19.1,22,87.7,4,4.1,0,0,3,8.2,0,0,15,0,0,62.07
FRY (L),340,528,Fall,Low-level,196,2.406939041,FRY6,0.849750104,22,0.778681974,0,6,7,5,2,22,13,4,13.26530612,10,29.08163265,76.53061224,64.28571429,29.08163265,13,0,0,0,15.8,15.8,15.8,15.8,15.8,60.7,29.1,1.5,6.1,2,3.571428571,32.7,44.9,68.9,4,3,5,5,4,6,18.4,5.1,13.3,13.3,49.5,13.8,16,78.1,4,9.2,0,0,2,12.8,0,0,10,0,0,63.13
FRY (L),0,272,Fall,Low-level,216,2.149462461,FRY7,0.76093107,26,0.659729519,3,6,7,3,3,23,16,4,8.333333333,13,25,82.87037037,73.14814815,24.53703704,13,3.2,2,2.8,13.4,13.4,13.4,13.4,13.4,66.2,21.8,1.4,3.2,0.9,2.314814815,45.8,55.6,77.3,4,3,5,3,5,8,12,2.8,12.5,9.7,59.7,11.1,18,83.3,4,4.6,0,0,2,9.7,1,0.5,13,0,0,50.01
LLW (H),1950,1242,Fall,High-level,216,2.706368135,LLW1,0.908693416,24,0.851580332,0,5,7,5,6,24,12,3,5.555555556,8,25.92592593,53.7037037,49.53703704,12.5,12,0,0,0,20.4,6.9,20.4,17.1,3.7,33.3,25.9,6.9,12,0,6.944444444,19.4,32.9,57.9,4,1,6,6,6,7,18.1,6.9,32.9,32.9,33.3,8.8,17,87,3,9.3,0,0,4,3.7,0,0,9,1,1.85185,66.68
LLW (H),1400,1259,Fall,High-level,198,2.563339067,LLW2,0.878736864,26,0.786759704,1,5,5,4,9,25,11,1,2.02020202,7,23.23232323,61.11111111,54.54545455,5.050505051,10,1,0,0,20.2,3,20.2,19.2,2,39.9,22.2,7.1,13.1,2.5,9.595959596,25.8,42.9,64.1,6,4,5,5,5,6,20.7,11.1,21.7,21.7,39.4,7.1,14,82.3,9,15.2,0,0,2,1.5,1,1,11,2,2.0202,64.85
LLW (H),1140,1307,Fall,High-level,218,2.394487241,LLW3,0.821942597,27,0.726518738,2,5,5,5,8,25,12,1,1.376146789,8,17.88990826,65.59633028,59.63302752,4.587155963,10,2.3,0,0,14.2,3.2,14.2,13.3,2.3,49.1,15.6,5.5,12.4,0.9,6.422018349,38.1,49.1,69.7,5,3,7,6,6,6,15.1,7.3,22.5,21.1,50.5,4.6,18,88.1,5,9.2,0,0,3,1.8,1,0.9,11,1,1.83486,53.54
LLW (H),640,1323,Fall,High-level,230,2.431872498,LLW4,0.878336484,22,0.786748333,1,3,5,4,7,21,9,2,5.652173913,6,31.73913043,61.73913043,56.95652174,6.52173913,8,20.9,0,0,5.2,0.9,5.2,4.8,0.4,35.7,10.9,5.7,9.6,0.9,6.52173913,20.9,41.7,67.4,4,3,5,5,5,5,7,27.4,27.8,27.8,32.6,5.2,14,69.1,5,9.1,0,0,2,0.9,1,20.9,8,1,0.43478,60.57
LLW (H),390,1501,Fall,High-level,198,1.921266058,LLW5,0.764054688,16,0.692950254,0,3,4,1,6,16,7,1,1.515151515,4,6.565656566,54.04040404,50,6.565656566,7,0,0,0,5.1,5.1,5.1,4,4,49,6.6,9.1,26.3,1.5,10.60606061,42.9,59.6,82.8,4,3,2,2,4,3,15.2,13.6,17.2,17.2,50,4,8,72.7,5,22.7,0,0,2,1.5,1,3,5,1,2.52525,46.46
LLW (H),0,1880,Fall,High-level,213,1.747967212,LLW6,0.723621856,20,0.58348579,1,3,6,2,6,19,10,3,4.225352113,7,7.042253521,39.90610329,36.15023474,7.042253521,9,0.5,1,0.5,2.3,2.3,2.3,1.9,1.9,37.1,6.6,9.4,55.9,2.8,12.20657277,43.2,70.9,87.3,3,4,3,2,6,4,44.1,13.1,1.4,0.9,35.7,5.6,12,42.3,4,55.9,0,0,2,0.9,2,0.9,8,1,1.87793,44.2
ROL (H),1295,501,Fall,High-level,198,1.991655968,ROL1,0.750025508,20,0.664831095,3,4,3,4,4,17,10,1,1.515151515,8,18.18181818,65.65656566,65.65656566,8.585858586,7,3,3,3,13.6,4,13.6,13.6,4,49,15.2,6.1,19.2,1,7.070707071,46.5,57.6,80.3,3,3,7,4,3,4,23.2,7.6,17.7,14.6,49,2.5,13,76.8,5,20.2,0,0,1,2.5,1,0.5,11,0,0,54.68
ROL (H),1155,633,Fall,High-level,209,2.180459662,ROL2,0.822050777,19,0.740534845,1,4,5,3,4,18,10,2,2.392344498,7,11.96172249,62.20095694,48.32535885,7.177033493,9,1.9,1,1.9,7.7,2.9,7.7,7.7,2.9,52.6,10,1.9,10,8.1,10.04784689,35.9,49.8,75.1,3,3,4,3,4,5,13.4,10.5,21.1,19.1,50.7,4.3,12,79.4,4,17.2,0,0,3,3.3,0,0,8,1,0.47847,58.2
ROL (H),955,804,Fall,High-level,220,2.625886549,ROL3,0.89177686,26,0.805957257,3,7,4,6,3,23,14,2,2.727272727,12,15.45454545,45.90909091,39.54545455,9.545454545,11,1.8,3,1.8,10.9,5,10.9,10,4.1,33.2,13.6,3.2,18.2,8.6,11.81818182,24.1,37.7,61.4,6,3,7,4,3,7,23.2,20.5,14.5,12.7,32.3,9.5,17,65.9,5,30.5,0,0,3,3.2,1,0.5,12,0,0,63.08
ROL (H),560,886,Fall,High-level,210,2.395631491,ROL4,0.852290249,25,0.744244768,1,7,5,2,8,24,13,2,1.428571429,10,15.71428571,53.80952381,47.61904762,10.95238095,12,0.5,1,0.5,13.8,9,13.8,13.3,8.6,39.5,15.2,12.4,24.3,12.4,24.76190476,31.4,43.8,70.5,4,3,4,3,4,10,16.7,26.2,7.1,6.7,39,11,14,56.7,6,37.1,0,0,4,4.8,1,1.4,12,0,0,61.06
ROL (H),250,1029,Fall,High-level,198,2.225415566,ROL5,0.818794001,22,0.719956325,0,6,6,3,4,22,12,3,1.515151515,9,11.61616162,59.09090909,49.49494949,9.595959596,12,0,0,0,10.1,8.1,10.1,9.1,7.1,49,11.6,9.1,18.7,14.6,23.73737374,36.4,51,77.3,4,3,2,2,5,8,14.1,24.7,5.1,5.1,48.5,7.6,14,61.6,5,33.3,0,0,3,5.1,0,0,11,0,0,56.71
ROL (H),0,1298,Fall,High-level,194,2.113297499,ROL6,0.823892018,18,0.731150757,0,6,3,2,5,18,9,1,0.515463918,7,19.07216495,67.5257732,52.57731959,17.01030928,9,0,0,0,18.6,16.5,18.6,15.5,13.4,49,19.1,14.9,26.3,0.5,15.46391753,33.5,48.5,79.9,5,3,3,3,2,5,25.3,16,5.7,5.7,48.5,4.6,9,60.8,6,26.8,0,0,3,12.4,0,0,6,0,0,56.11
SPC (L),2556,501,Fall,Low-level,203,2.500799406,SPC1,0.874080905,25,0.776917018,5,4,8,3,2,20,17,5,8.866995074,14,38.91625616,83.74384236,64.03940887,35.96059113,12,8.9,4,8.4,21.2,18.7,21.2,5.4,3,53.7,30,3.9,5.4,0.5,4.433497537,22.2,41.9,68,4,3,7,4,6,5,20.7,4.9,15.3,7.9,48.3,10.8,18,91.1,4,6.4,0,0,1,1,2,1.5,15,0,0,62.85
SPC (L),2167,516,Fall,Low-level,217,2.917181171,SPC2,0.919662766,30,0.857692408,4,6,8,5,5,26,18,5,18.43317972,15,44.23963134,70.50691244,49.30875576,41.47465438,14,16.6,3,14.3,9.2,8.8,9.2,4.1,3.7,44.7,27.6,6.9,11.5,0.5,7.373271889,21.2,28.6,48.4,6,3,8,5,6,7,11.1,9.7,30.9,16.6,34.1,14.3,21,82.9,3,9.7,0,0,5,5.1,1,2.3,16,0,0,70.53
SPC (L),1793,535,Fall,Low-level,195,2.748949026,SPC3,0.903247863,29,0.81636695,5,5,8,4,5,24,18,5,15.8974359,15,37.94871795,74.35897436,59.48717949,34.35897436,13,11.3,3,8.7,10.8,9.7,10.8,5.1,4.1,52.3,26.7,1.5,12.8,1,2.564102564,20,34.9,61.5,6,4,7,4,6,6,20,5.1,19,10.3,38.5,17.4,19,80.5,4,12.8,0,0,4,4.1,2,2.6,15,0,0,74.7
SPC (L),1294,579,Fall,Low-level,228,2.697437358,SPC4,0.880193906,32,0.7783159,5,5,9,6,4,27,19,6,9.210526316,16,37.71929825,78.07017544,49.12280702,34.21052632,14,16.2,4,13.2,12.3,11.8,12.3,2.6,2.2,49.6,21.5,6.1,7.5,1.3,7.456140351,28.9,38.6,60.5,6,5,10,7,6,5,12.7,11.8,23.2,10.5,45.6,6.6,21,85.1,4,8.3,0,0,6,3.5,1,3.1,18,0,0,65.71
SPC (L),925,610,Fall,Low-level,207,2.976408369,SPC5,0.932810567,32,0.858809919,5,8,9,3,6,27,22,5,17.39130435,18,50.24154589,79.22705314,64.73429952,38.647343,17,19.8,3,9.2,13,12.1,13,5.3,4.3,46.4,30.4,6.3,10.1,0,6.280193237,14.5,23.2,46.4,5,4,6,3,8,9,12.1,17.4,17.9,8.7,39.1,13.5,22,76.3,3,10.1,0,0,4,2.4,3,11.1,20,2,0.96618,73.14
SPC (L),150,709,Fall,Low-level,204,2.84145566,SPC7,0.910178777,31,0.827450858,4,4,9,5,5,27,17,5,16.66666667,13,36.2745098,72.05882353,50,31.8627451,13,8.3,2,6.9,11.3,8.3,11.3,3.9,1,52.5,27.9,5.4,9.8,0.5,5.882352941,22.1,33.8,52.9,3,4,7,5,7,10,11.8,7.4,21.6,14.7,46.1,13.2,22,86.3,6,10.8,0,0,1,1.5,2,1.5,14,0,0,70.93
SPC (L),0,756,Fall,Low-level,181,2.741602769,SPC8,0.890265865,32,0.791059344,5,5,9,4,7,27,19,6,6.077348066,16,40.8839779,71.27071823,50.82872928,37.56906077,14,6.1,3,5,28.7,26.5,28.7,7.2,5,36.5,34.8,6.1,13.8,1.7,7.73480663,21.5,42,61.3,4,5,8,5,7,8,28.7,9.4,17.7,12.7,35.4,8.8,20,81.2,5,13.3,0,0,3,3.3,4,2.2,18,1,1.10497,73.77
CRO (R),2050,51,Spring,Reference,210,3.014653261,CRO1,0.926984127,38,0.828751026,12,8,4,4,7,26,24,3,3.80952381,23,52.85714286,60,60,48.0952381,12,35.7,8,32.4,13.3,11.9,10.5,11.9,7.6,11,17.1,17.1,25.7,2.9,20,17.1,29,49.5,6,7,11,6,2,10,7.6,35.2,27.6,15.2,7.6,20,21,58.1,7,28.1,0,0,3,3.8,6,9,22,0,0,71.18
CRO (R),1900,54,Spring,Reference,204,3.028611234,CRO2,0.908064206,39,0.826684939,8,9,6,5,8,31,23,5,5.392156863,22,46.56862745,53.92156863,53.92156863,40.68627451,15,26.5,7,24.5,14.7,10.8,12.7,13.7,7.8,12.7,20.1,25.5,33.8,3.9,29.41176471,25.5,32.8,51.5,9,6,9,6,3,10,13.2,38.2,19.6,8.3,8.8,17.2,24,53.4,8,36.8,0,0,3,3.4,3,5.4,19,1,0.4902,72.02
CRO (R),1530,55,Spring,Reference,194,3.022319818,CRO3,0.919119991,36,0.843394404,9,9,5,5,6,27,23,3,7.216494845,21,47.42268041,51.03092784,51.03092784,40.72164948,14,20.6,7,18,19.6,15.5,16,15.5,7.7,10.8,26.8,21.6,36.6,0.5,22.16494845,21.6,31.4,50.5,5,6,11,6,3,10,13.4,26.8,26.3,12.4,4.1,24.2,24,54.6,6,35.1,0,0,2,6.2,4,4.1,22,0,0,78.31
CRO (R),1160,55,Spring,Reference,211,3.246097958,CRO4,0.948002066,39,0.886049771,9,9,6,5,9,30,24,4,10.42654028,22,62.55924171,68.72037915,68.72037915,55.92417062,15,30.3,7,26.1,21.8,19.4,15.6,19.9,11.4,16.6,32.2,11.8,21.8,0.5,12.32227488,11.8,20.9,41.2,8,6,10,6,4,10,15.6,26.5,23.7,11.8,8.1,18.5,25,61.1,7,19,0,0,2,7.6,5,12.3,23,1,1.4218,81.78
CRO (R),775,53,Spring,Reference,214,3.077490858,CRO5,0.915582147,42,0.823371558,12,7,4,4,11,30,23,4,8.878504673,23,58.41121495,58.41121495,58.41121495,51.40186916,11,35.5,10,31.8,14,10.7,9.8,13.1,5.6,8.9,22.9,20.1,30.8,1.9,21.96261682,20.1,36.9,50.9,5,7,12,5,2,14,9.3,32.7,32.7,9.8,2.3,17.8,24,41.6,10,30.4,0,0,3,5.6,4,22,23,1,1.40187,77.53
CRO (R),340,50,Spring,Reference,222,2.852441144,CRO6,0.899237075,37,0.789949041,9,9,1,2,11,28,19,1,5.405405405,19,57.20720721,57.20720721,57.20720721,51.8018018,10,28.4,7,24.8,23.4,21.6,16.7,19.8,11.3,5.4,28.8,24.8,35.1,1.8,26.57657658,24.8,35.6,59,6,7,6,2,1,15,15.8,40.5,23,8.6,0.5,14.4,17,38.7,11,36.5,0,0,4,9.5,4,14.9,19,3,2.25225,73.86
CRO (R),0,43,Spring,Reference,232,2.991073681,CRO7,0.932149227,33,0.855446078,10,7,4,3,8,23,21,3,4.74137931,20,74.56896552,75.43103448,75.43103448,54.74137931,11,35.8,7,24.6,34.1,25.4,29.7,31.5,18.5,5.6,38.8,15.1,18.5,0.9,15.94827586,15.1,24.1,48.3,7,7,9,4,2,7,22.4,39.2,23.3,10.8,1.3,10.8,19,56,6,18.1,0,0,3,5.2,5,20.7,19,1,0.43103,81.91
EAS (R),2500,21,Spring,Reference,200,2.606041172,EAS1,0.8934,27,0.790706967,8,5,4,3,5,19,17,3,2,16,57.5,64.5,64.5,44.5,9,25.5,6,24,30,18.5,21,29.5,9,9,32,23,26,2.5,25.5,23,34.5,62.5,4,5,8,3,4,6,29,32.5,24.5,6.5,8.5,5.5,18,60.5,6,28.5,0,0,1,9,2,2,17,2,1,74.21
EAS (R),2140,22,Spring,Reference,186,2.850654911,EAS2,0.908891201,31,0.830129742,8,8,6,3,5,23,22,3,2.688172043,19,63.97849462,70.43010753,69.89247312,56.98924731,14,40.9,7,39.8,20.4,14.5,18.3,20.4,12.4,9.1,23.1,14,17.2,1.1,15.05376344,21.5,35.5,55.9,6,5,10,6,4,6,16.1,24.7,42.5,15.1,7,9.7,22,75.8,4,16.7,0,0,2,3.2,3,4.3,19,1,0.53763,81.83
EAS (R),1890,18,Spring,Reference,213,2.829962938,EAS3,0.916308493,28,0.849276486,9,6,4,3,5,19,19,2,1.877934272,17,56.33802817,62.44131455,62.44131455,50.23474178,10,41.8,7,39,12.7,9.4,10.8,12.7,7.5,8,14.6,17.8,21.1,0.5,18.30985915,17.8,31.9,55.4,4,7,8,5,4,5,7,32.4,43.2,19.2,8.5,8.9,17,70,4,19.7,0,0,2,2.3,5,8,18,0,0,80.63
EAS (R),1565,17,Spring,Reference,211,2.974668384,EAS4,0.927876732,32,0.858307865,10,9,6,3,3,22,25,4,3.317535545,23,68.2464455,72.98578199,72.98578199,58.29383886,15,40.3,8,35.1,24.6,19.9,20.9,24.2,15.6,8.1,28,16.6,17.5,0.9,17.53554502,16.6,27.5,50.2,7,7,9,5,3,6,19.9,37.9,29.9,10.4,5.7,6.6,24,68.7,2,17.5,0,0,2,4.3,4,9.5,22,0,0,81.5
EAS (R),1240,16,Spring,Reference,209,2.800307043,EAS5,0.915867311,27,0.849649772,8,10,3,2,3,19,21,2,1.913875598,20,64.11483254,72.72727273,72.72727273,49.76076555,13,37.3,6,30.6,24.9,17.2,20.6,22.5,10.5,10.5,26.8,18.7,21.1,0.5,19.13875598,18.7,31.6,54.5,6,7,6,3,2,6,21.5,38.3,24.4,6.2,9.6,6.2,18,61.7,4,21.5,0,0,1,4.3,4,12.4,21,0,0,80.78
EAS (R),1000,15,Spring,Reference,203,2.969439881,EAS6,0.926302507,33,0.849258818,9,9,5,4,4,24,23,3,1.97044335,21,60.09852217,67.98029557,67.98029557,45.81280788,14,35,7,29.1,23.2,14.8,21.7,21.7,11.8,9.9,25.1,17.7,19.7,0.5,18.22660099,17.7,28.1,49.8,6,7,10,6,3,6,20.2,35.5,30.5,12.8,8.4,4.9,22,64,4,20.2,0,0,2,2.5,4,12.8,20,0,0,77.15
EAS (R),715,14,Spring,Reference,208,3.00914166,EAS7,0.935882027,32,0.86825475,7,8,6,4,5,25,21,3,3.846153846,18,61.53846154,70.19230769,69.71153846,46.15384615,14,15.9,4,10.6,41.8,31.7,37.5,40.9,26.4,12.5,45.7,11.1,13.9,1.9,12.98076923,11.1,22.1,48.1,5,7,8,6,4,7,34.6,22.1,24,17.3,9.1,9.6,20,70.7,5,15.9,0,0,2,4.8,4,8.2,18,0,0,77.68
EAS (R),385,14,Spring,Reference,201,2.924784187,EAS8,0.926016683,30,0.859927801,7,8,3,4,6,23,18,1,0.497512438,16,59.70149254,70.64676617,70.64676617,37.31343284,11,19.9,5,12.9,39.3,23.9,35.8,36.3,17.4,11.4,39.8,12.9,17.9,1.5,14.4278607,15.4,28.4,52.2,7,7,9,5,2,5,36.8,26.9,18.9,10.4,10.9,6,17,67.7,6,18.9,0,0,4,5.5,2,7,16,0,0,78.3
EAS (R),0,14,Spring,Reference,204,2.457055421,EAS9,0.872933487,27,0.745502742,7,7,4,2,5,20,18,4,1.960784314,18,72.54901961,72.54901961,72.54901961,48.52941176,11,6.9,6,5.4,63.7,41.2,52.5,59.8,26,2,65.7,18.6,21.1,1.5,20.09803922,22.5,41.2,73.5,7,6,7,4,1,5,59.8,24.5,7.4,4.9,0.5,6.9,16,62.3,5,22.1,0,0,2,11.8,3,2.9,16,0,0,67.95
FRY (L),2785,343,Spring,Low-level,222,2.327105447,FRY1,0.82598815,25,0.722955955,7,5,5,4,3,18,17,4,5.405405405,16,78.82882883,81.98198198,81.98198198,35.58558559,10,45,5,9,28.4,21.2,12.2,27.5,4.1,8.6,33.8,9.5,11.7,0.5,9.90990991,35.6,51.8,72.5,4,4,8,4,3,5,24.8,48.2,8.6,5.9,7.2,10.8,19,36,3,10.4,0,0,2,18,1,35.6,15,0,0,73.98
FRY (L),2465,346,Spring,Low-level,202,2.495397984,FRY2,0.865601412,27,0.757136377,9,6,4,4,3,18,19,3,8.415841584,18,77.72277228,80.1980198,80.1980198,38.11881188,10,40.6,7,11.4,28.7,18.3,16.8,28.7,6.4,10.9,37.1,13.4,14.4,0.5,13.86138614,28.7,42.1,68.8,5,6,8,4,3,5,24.8,47.5,7.4,5,9.9,10.4,19,42.6,3,14.4,0,0,2,12.9,3,30.2,17,0,0,78.5
FRY (L),2170,326,Spring,Low-level,207,2.396437835,FRY3,0.845994072,26,0.735533096,5,7,7,2,4,21,19,5,11.11111111,17,79.22705314,83.57487923,83.57487923,42.99516908,14,40.6,4,9.2,27.5,22.7,10.1,26.6,4.3,15.5,38.6,11.6,14.5,0,11.5942029,31.4,48.8,69.6,6,3,4,2,5,8,25.6,46.9,3.4,1.4,13,11.1,20,36.7,2,12.6,0,0,3,19.3,1,31.4,16,0,0,76
FRY (L),1845,325,Spring,Low-level,217,2.154000345,FRY4,0.821465735,21,0.707500237,4,6,4,3,3,17,14,2,4.147465438,12,82.02764977,87.09677419,86.6359447,29.95391705,10,37.3,3,5.1,40.6,20.7,25.3,38.7,3.7,9.2,44.7,7.8,8.8,0,7.834101382,32.3,52.1,79.7,6,3,4,3,3,5,39.2,42.4,4.6,3.7,8.8,5.1,14,41.9,3,8.8,0,0,3,17.1,1,32.3,12,0,0,71.32
FRY (L),1480,312,Spring,Low-level,199,2.185945735,FRY5,0.826645792,23,0.697161463,6,7,4,1,5,17,17,2,2.010050251,15,79.89949749,81.40703518,80.90452261,30.15075377,11,41.7,5,10.1,36.2,18.1,25.6,36.2,7.5,3.5,38.2,15.1,18.1,0,15.07537688,31.7,49.7,81.9,5,4,4,2,3,7,33.2,54.3,2.5,1.5,2.5,7.5,15,37.2,3,16.1,0,0,3,14.1,2,32.7,15,0,0,74.64
FRY (L),1030,309,Spring,Low-level,209,2.413881341,FRY6,0.867333623,24,0.759547028,5,6,5,3,3,19,16,3,4.784688995,14,79.42583732,82.29665072,82.29665072,35.40669856,11,34.9,4,14.8,39.7,15.8,30.1,37.8,4.3,7.7,44.5,11,13.9,0.5,11.48325359,23.9,44,73.7,5,4,6,3,3,6,39.2,40.7,8.6,2.9,6.2,5.3,17,55.5,4,13.4,0,0,2,11,1,20.1,11,0,0,80.71
FRY (L),690,128,Spring,Low-level,216,2.207920858,FRY7,0.807098765,24,0.694739918,5,7,4,3,3,19,16,3,4.166666667,15,79.16666667,81.94444444,81.94444444,34.25925926,11,60.6,4,22.7,14.4,7.4,12.5,13.9,5.1,6.9,18.5,12,13.9,0.5,12.5,38,53.2,76.4,4,4,6,4,2,7,9.7,65.7,9.3,4.2,4.2,10.6,18,45.8,3,13,0,0,2,3.2,1,38,13,0,0,73.03
FRY (L),360,120,Spring,Low-level,193,2.655316167,FRY8,0.903970576,24,0.835516422,6,6,4,3,4,18,16,3,5.18134715,15,66.32124352,70.98445596,70.98445596,44.04145078,10,41.5,5,26.4,19.7,12.4,12.4,19.2,4.7,9.8,24.9,16.6,23.3,1.6,18.13471503,16.6,31.6,61.1,5,5,6,4,2,5,18.1,48.7,13,5.2,7.3,11.9,17,54.4,3,18.7,0,0,2,11.4,2,15.5,13,0,0,73.38
FRY (L),0,61,Spring,Low-level,203,2.802156774,FRY9,0.90324929,30,0.823873612,8,8,3,4,6,22,19,2,1.477832512,18,50.73891626,51.23152709,51.23152709,44.33497537,11,31.5,6,27.1,17.7,15.8,15.8,16.3,12.3,2,19.2,23.2,34,1,24.13793103,23.2,36,57.6,5,7,8,6,1,7,14.3,48.3,22.7,16.7,0.5,12.8,18,55.2,4,26.6,0,0,2,5.4,5,11.8,18,0,0,77.66
LLW (H),1950,907,Spring,High-level,212,2.448038067,LLW1,0.868992524,24,0.770294714,3,5,3,5,7,21,11,2,3.301886792,10,52.35849057,56.60377358,56.60377358,29.24528302,8,6.1,1,0.5,42.9,25.5,28.3,34.4,2.4,7.5,46.2,25,32.5,0.9,25.94339623,25,42.5,70.8,4,5,5,5,3,7,41.5,32.1,9.9,9.9,7.5,9,16,49.1,4,27.4,0,0,2,17.9,2,5.7,10,1,0.9434,71.73
LLW (H),1400,927,Spring,High-level,238,2.340523184,LLW2,0.832956712,26,0.718371342,4,6,6,4,4,22,16,4,2.941176471,14,45.37815126,50,50,25.21008403,12,7.6,2,1.3,34.9,21,18.9,32.4,2.5,7.6,37.8,33.6,40.3,0.8,34.45378151,33.6,49.6,71.4,5,4,7,5,4,6,33.6,40.8,10.1,8.8,5.9,9.7,19,39.9,3,34.9,0,0,2,18.9,2,6.3,14,0,0,62.95
LLW (H),1140,1062,Spring,High-level,225,1.773519108,LLW3,0.742755556,18,0.613595501,4,5,2,3,4,14,11,0,0,9,50.22222222,53.77777778,53.77777778,17.77777778,7,5.3,2,0.9,44.9,16.9,31.1,43.1,1.3,3.6,44.9,39.6,43.6,0,39.55555556,39.6,67.6,87.1,4,5,3,3,3,3,44.4,44.9,2.7,2.7,4.9,3.1,12,40,1,39.6,0,0,2,15.6,3,4.9,10,1,1.33333,52.85
LLW (H),640,1105,Spring,High-level,200,1.916530053,LLW4,0.78765,17,0.676451019,2,5,2,2,5,15,9,1,2.5,8,59,63.5,63.5,25,7,3,0,0,53.5,22.5,34,52,1.5,7,56,27,32,1,28,31,58,84.5,5,4,2,2,2,4,53.5,31,3.5,3.5,7,5,10,48,3,28.5,0,0,2,20.5,2,3,7,1,2.5,59.14
LLW (H),390,1362,Spring,High-level,204,1.840348728,LLW5,0.749903883,18,0.636716963,2,5,2,2,6,16,9,1,0.490196078,8,59.31372549,63.23529412,63.23529412,49.01960784,7,1,0,0,57.8,48.5,18.1,55.4,6.4,4.4,58.3,27.9,34.3,0.5,28.43137255,39.7,67.6,84.8,6,4,2,2,2,4,58.3,29.4,2,2,6.4,3.9,10,27.9,3,28.9,0,0,3,42.2,2,1,8,1,2.45098,53.4
LLW (H),0,1687,Spring,High-level,180,1.424693012,LLW6,0.639382716,15,0.526095495,2,4,2,1,5,13,8,1,0.555555556,7,40,41.11111111,41.11111111,38.88888889,6,1.7,1,0.6,37.8,37.8,5,35.6,2.8,1.7,38.3,50,55.6,2.8,52.77777778,50,82.8,90.6,4,5,1,1,2,3,36.1,55.6,0.6,0.6,3.9,3.9,7,10,3,53.3,0,0,2,33.9,3,2.8,8,1,2.77778,41.84
ROL (H),1500,516,Spring,High-level,200,2.026924684,ROL1,0.77045,22,0.655741458,5,7,2,3,3,17,14,1,1.5,13,77,84,84,35,9,4.5,3,3,71,30.5,48,68,4.5,8.5,72.5,3.5,4.5,5,8.5,40.5,63.5,79,5,6,5,4,2,4,67.5,12.5,7,6.5,8.5,4.5,13,63.5,4,9.5,0,0,1,23,4,4,15,0,0,64.21
ROL (H),1360,620,Spring,High-level,192,1.850286458,ROL2,0.712999132,24,0.5822074,6,6,4,3,3,18,16,3,2.083333333,15,83.85416667,88.54166667,88.54166667,33.85416667,10,5.2,4,2.6,76.6,29.2,53.1,72.4,1.6,6.8,78.6,0,2.1,3.6,3.645833333,47.4,70.8,83.3,4,4,7,4,2,7,75.5,6.2,8.3,5.7,5.2,4.7,16,68.2,3,4.7,0,0,2,24.5,3,2.6,16,0,0,68.89
ROL (H),1160,665,Spring,High-level,180,1.931142547,ROL3,0.755802469,20,0.644631219,0,6,4,3,5,20,10,3,3.888888889,9,80,80.55555556,80.55555556,39.44444444,10,0,0,0,76.1,35.6,50,73.3,6.7,4.4,80,3.9,7.2,7.2,11.11111111,40.6,66.7,82.2,6,2,3,3,3,6,72.8,11.1,4.4,4.4,2.2,9.4,12,58.3,4,12.8,0,0,4,28.9,0,0,12,0,0,62.01
ROL (H),765,819,Spring,High-level,194,2.054415969,ROL4,0.822244659,19,0.697727473,2,5,3,2,5,17,10,2,1.546391753,9,59.79381443,62.37113402,62.37113402,36.08247423,8,2.6,1,1.5,55.7,33,33.5,50.5,5.7,4.1,57.2,25.3,27.3,8.8,34.02061856,25.3,47.9,84,4,4,4,4,1,6,50.5,36.6,5.2,5.2,2.6,5.2,9,38.7,6,36.1,0,0,2,22.7,2,2.6,10,0,0,63.38
ROL (H),455,954,Spring,High-level,193,1.629069148,ROL5,0.730650487,12,0.655585653,0,5,1,1,4,12,6,0,0,5,62.69430052,66.32124352,66.32124352,18.65284974,6,0,0,0,62.7,18.7,47.7,60.6,1.6,3.6,62.7,19.7,21.2,10.9,30.56994819,44,63.7,93.3,4,2,2,2,1,3,61.7,30.6,2.6,2.6,3.6,1.6,6,52.8,4,31.6,0,0,2,15.5,0,0,6,0,0,52.69
ROL (H),205,1244,Spring,High-level,226,1.45465823,ROL6,0.676012217,13,0.567129416,0,6,2,1,3,13,8,1,0.442477876,7,76.54867257,78.31858407,78.31858407,27.43362832,8,0,0,0,76.1,27,55.3,74.3,4.4,2.2,76.5,19.5,20.8,0,19.46902655,49.1,69.9,93.4,4,1,2,2,1,5,72.1,19.5,2.7,2.7,1.8,4,8,58,3,20.4,0,0,2,21.7,0,0,7,0,0,52.84
ROL (H),0,1505,Spring,High-level,216,1.367961543,ROL7,0.670610425,10,0.59409815,0,6,3,0,1,10,9,2,1.851851852,8,81.01851852,81.94444444,81.94444444,32.40740741,9,0,0,0,79.2,30.6,55.1,74.5,1.9,2.8,81,18.1,18.1,0,18.05555556,48.6,72.7,96.3,3,1,1,1,1,4,77.3,18.1,0.5,0.5,0.9,3.2,8,57.9,1,18.1,0,0,1,24.1,0,0,7,0,0,52.68
SPC (L),2556,379,Spring,Low-level,227,2.295106649,SPC1,0.848415455,22,0.742502468,6,6,4,1,4,16,16,2,5.286343612,14,62.11453744,66.96035242,66.07929515,39.20704846,10,18.9,4,11,37.9,22.9,17.6,36.6,1.3,10.1,43.2,27.3,29.1,2.6,29.95594714,27.3,47.6,74.9,6,5,3,1,4,4,37.9,44.5,2.6,1.3,8.8,6.2,14,40.5,3,30.4,0,0,3,21.1,2,7.9,13,1,0.88106,64.81
SPC (L),2167,396,Spring,Low-level,216,2.154430623,SPC2,0.830589849,21,0.707641565,7,4,4,1,3,14,15,1,1.388888889,12,49.53703704,51.38888889,50.46296296,22.68518519,8,16.7,4,6.9,31.5,14.4,18.1,31,0.5,3.2,32.9,30.1,31,16.2,46.2962963,30.1,47.2,80.6,4,5,4,1,3,5,31.5,56.5,6,0.9,1.9,4.2,15,32.9,2,46.3,0,0,2,13.9,2,6.9,12,0,0,59.39
SPC (L),1793,399,Spring,Low-level,210,2.38333021,SPC3,0.857369615,24,0.749933871,6,8,4,1,3,18,18,3,4.761904762,17,76.19047619,77.61904762,76.19047619,35.71428571,12,23.8,4,10.5,47.6,20.5,32.4,45.7,3.3,6.2,52.4,17.6,19,0.5,18.0952381,27.1,44.8,73.3,4,5,4,2,4,6,44.8,34.3,7.6,2.9,4.3,8.6,18,52.9,2,18.1,0,0,1,15.2,2,13.3,16,1,0.95238,74.47
SPC (L),1294,433,Spring,Low-level,199,2.613986959,SPC4,0.896492513,25,0.812080708,9,6,3,3,1,16,18,2,3.51758794,17,72.86432161,73.36683417,73.36683417,37.68844221,9,29.1,6,12.6,40.2,21.6,24.1,38.2,3.5,4,43.7,14.1,14.1,5.5,19.59798995,18.6,34.7,64.8,5,7,6,3,3,4,37.7,38.7,13.6,5.5,4,6,16,45.7,3,20.6,0,0,2,16.6,4,17.1,17,0,0,80.8
SPC (L),925,444,Spring,Low-level,210,2.686599172,SPC5,0.893786848,29,0.797850652,6,9,8,1,4,23,23,5,6.666666667,20,81.42857143,83.80952381,82.85714286,47.14285714,17,25.7,4,13.3,49,27.1,31.4,47.6,8.1,9,55.7,8.6,12.9,0.5,9.047619048,21.9,39.5,62.4,7,5,3,1,7,7,45.2,22.4,13.8,2.9,9.5,9,20,56.7,3,10.5,0,0,4,20.5,2,12.4,18,1,2.38095,79.92
SPC (L),525,440,Spring,Low-level,211,2.732107319,SPC6,0.894499225,31,0.795607891,8,8,6,4,4,23,22,4,9.004739336,20,83.88625592,85.78199052,85.30805687,56.87203791,14,25.1,6,19.4,49.8,28.4,30.8,48.8,8.5,10.9,58.8,2.4,4.7,0,2.369668246,21.3,40.3,60.2,5,5,8,4,5,8,42.2,12.3,23.7,9,7.6,14.2,22,69.7,3,3.3,0,0,3,20.9,3,6.2,20,0,0,80.52
SPC (L),150,403,Spring,Low-level,203,3.065922139,SPC7,0.921497731,39,0.836869264,10,8,8,4,6,29,26,5,6.896551724,23,64.03940887,70.93596059,66.99507389,36.94581281,16,23.6,9,18.2,33.5,11.8,28.1,32.5,5.4,13.8,40.4,8.9,14.3,1,9.852216749,21.7,30.5,48.3,6,5,11,6,6,11,30,22.7,21.2,12.3,10.8,15.3,26,70.9,6,13.3,0,0,3,8.9,4,6.9,25,0,0,82.39
SPC (L),0,427,Spring,Low-level,196,2.611881503,SPC8,0.882444815,30,0.767929999,8,9,6,2,3,22,23,3,2.551020408,20,82.14285714,84.18367347,83.67346939,52.04081633,15,33.2,6,29.6,46.4,19.9,37.8,46.4,11.2,4.6,49,3.6,4.6,0,3.571428571,26.5,38.3,64.3,3,5,6,3,5,11,35.7,16.3,32.1,13.3,4.1,11.7,20,80.6,3,4.6,0,0,3,9.7,4,5.1,22,0,0,84.95
